website,headline
https://timesofindia.indiatimes.com/,News
https://timesofindia.indiatimes.com/,Technology
https://timesofindia.indiatimes.com/,Hot Picks
https://timesofindia.indiatimes.com/,Education
https://timesofindia.indiatimes.com/,Spotlight
https://timesofindia.indiatimes.com/,Entertainment
https://timesofindia.indiatimes.com/,Photostories
https://timesofindia.indiatimes.com/,Reviews
https://timesofindia.indiatimes.com/,Kill
https://timesofindia.indiatimes.com/,Builder Boys
https://timesofindia.indiatimes.com/,Amar Colony
https://timesofindia.indiatimes.com/,Despicable Me 4
https://timesofindia.indiatimes.com/,Space Cadet
https://timesofindia.indiatimes.com/,Beverly Hills Cop: Axel F
https://timesofindia.indiatimes.com/,Trending
https://timesofindia.indiatimes.com/,Etimes Videos
https://timesofindia.indiatimes.com/,WWE
https://timesofindia.indiatimes.com/,City
https://timesofindia.indiatimes.com/,Astrology
https://timesofindia.indiatimes.com/,Lifestyle
https://timesofindia.indiatimes.com/,Health & Fitness
https://timesofindia.indiatimes.com/,Style
https://timesofindia.indiatimes.com/,Relationships
https://timesofindia.indiatimes.com/,Beauty
https://timesofindia.indiatimes.com/,Parenting
https://timesofindia.indiatimes.com/,Food
https://timesofindia.indiatimes.com/,Travel
https://timesofindia.indiatimes.com/,astrology
https://timesofindia.indiatimes.com/,More
https://timesofindia.indiatimes.com/,Visual Stories
https://timesofindia.indiatimes.com/,Videos
https://timesofindia.indiatimes.com/,Movies
https://timesofindia.indiatimes.com/,TV
https://timesofindia.indiatimes.com/,Regional & Hollywood
https://timesofindia.indiatimes.com/,Music
https://timesofindia.indiatimes.com/,Events
https://timesofindia.indiatimes.com/,Shopping DestinationSponsored
https://timesofindia.indiatimes.com/,Sports
https://timesofindia.indiatimes.com/,News Visual Stories
https://timesofindia.indiatimes.com/,Latest Mobiles
https://timesofindia.indiatimes.com/,Business
https://timesofindia.indiatimes.com/,World
https://timesofindia.indiatimes.com/,From Across TOI
https://timesofindia.indiatimes.com/,Times Ascent
https://timesofindia.indiatimes.com/,Recipes & Food News
https://timesofindia.indiatimes.com/,Television Highlights
https://timesofindia.indiatimes.com/,Auto
https://timesofindia.indiatimes.com/,Popular Across TOI
https://timesofindia.indiatimes.com/,Most Shared
https://timesofindia.indiatimes.com/,Most Commented
https://timesofindia.indiatimes.com/,Most Read
https://timesofindia.indiatimes.com/,Most Trending
https://timesofindia.indiatimes.com/,featured Today
https://timesofindia.indiatimes.com/,Opinion and Features
https://timesofindia.indiatimes.com/,Trending News
https://timesofindia.indiatimes.com/,IN FOCUS
